Headline,Category
President signs new climate bill into law,Politics
Tech giant stock hits all-time high after merger,Business
Team wins championship with last-second goal,Sports
New blockbuster movie smashes box office records,Entertainment
Senate debates key policy reform this week,Politics
Interest rates held steady by Federal Reserve,Business
Star player signs record-breaking contract extension,Sports
"Pop star releases surprise album, fans go wild",Entertainment
Opposition party gains ground in latest poll,Politics
Oil prices surge amid geopolitical instability,Business
Olympics committee announces host city for 2032 games,Sports
Critically acclaimed TV series renewed for final season,Entertainment
Global leaders meet for emergency summit,Politics
Startup raises $50 million in Series B funding,Business
Coach fired after string of unexpected losses,Sports
Award-winning actor announces retirement from film,Entertainment
Local election results shock incumbent,Politics
Retail sector struggles with holiday sales figures,Business
Injury sidelines top tennis seed for the season,Sports
Music festival lineup revealed with top headliners,Entertainment
Taxation policy overhaul announced by Treasury,Politics
Unemployment rate falls to a five-year low,Business
Marathon runner breaks world record in Berlin race,Sports
Behind the scenes of the year's biggest video game launch,Entertainment
Controversial Supreme Court ruling sparks debate,Politics
Automaker unveils new electric vehicle strategy,Business
Controversial penalty call divides fans and analysts,Sports
Celebrity chef opens new restaurant in downtown area,Entertainment
New law on digital privacy introduced,Politics
Inflation fears loom over global markets,Business
New doping scandal rocks professional cycling,Sports
Filming begins on highly anticipated fantasy sequel,Entertainment
Diplomatic talks resume after month-long halt,Politics
Quarterly profits exceed expectations for bank,Business
Cricket team dominates rivals in five-day test match,Sports
Red carpet fashion moments from the annual gala,Entertainment
Prime Minister to address the nation on security,Politics
Supply chain issues continue to challenge manufacturers,Business
Basketball rookie impresses in debut game,Sports
Comedian's viral stand-up special breaks streaming records,Entertainment
Governor signs new climate bill into law,Politics
Software firm stock hits all-time high after merger,Business
Club wins championship with last-second goal,Sports
"Rapper releases surprise album, fans go wild",Entertainment
Speaker debates key policy reform this week,Politics
Financial group stock hits all-time high after merger,Business
Franchise wins championship with last-second goal,Sports
"Actress releases surprise album, fans go wild",Entertainment
Senator gains ground in latest poll,Politics
Pharma company stock hits all-time high after merger,Business
Squad wins championship with last-second goal,Sports
"Director releases surprise album, fans go wild",Entertainment
President signs new climate bill into law,Politics
Tech giant stock hits all-time high after merger,Business
Team wins championship with last-second goal,Sports
New blockbuster movie smashes box office records,Entertainment
Governor debates key policy reform this week,Politics
Interest rates held steady by Federal Reserve,Business
Star player signs record-breaking contract extension,Sports
"Pop star releases surprise album, fans go wild",Entertainment
Opposition party gains ground in latest poll,Politics
Oil prices surge amid geopolitical instability,Business
Olympics committee announces host city for 2032 games,Sports
Critically acclaimed TV series renewed for final season,Entertainment
Global leaders meet for emergency summit,Politics
Startup raises $50 million in Series B funding,Business
Coach fired after string of unexpected losses,Sports
Award-winning actor announces retirement from film,Entertainment
Local election results shock incumbent,Politics
Retail sector struggles with holiday sales figures,Business
Injury sidelines top tennis seed for the season,Sports
Music festival lineup revealed with top headliners,Entertainment
Taxation policy overhaul announced by Treasury,Politics
Unemployment rate falls to a five-year low,Business
Marathon runner breaks world record in Berlin race,Sports
Behind the scenes of the year's biggest video game launch,Entertainment
Controversial Supreme Court ruling sparks debate,Politics
Automaker unveils new electric vehicle strategy,Business
Controversial penalty call divides fans and analysts,Sports
Celebrity chef opens new restaurant in downtown area,Entertainment
New law on digital privacy introduced,Politics
Inflation fears loom over global markets,Business
New doping scandal rocks professional cycling,Sports
Filming begins on highly anticipated fantasy sequel,Entertainment
Diplomatic talks resume after month-long halt,Politics
Quarterly profits exceed expectations for bank,Business
Cricket team dominates rivals in five-day test match,Sports
Red carpet fashion moments from the annual gala,Entertainment
Prime Minister to address the nation on security,Politics
Supply chain issues continue to challenge manufacturers,Business
Basketball rookie impresses in debut game,Sports
Comedian's viral stand-up special breaks streaming records,Entertainment
Governor debates key policy reform this week,Politics
Software firm stock hits all-time high after merger,Business
Franchise wins championship with last-second goal,Sports
"Actress releases surprise album, fans go wild",Entertainment
President signs new climate bill into law,Politics
Tech giant stock hits all-time high after merger,Business
Club wins championship with last-second goal,Sports
"Director releases surprise album, fans go wild",Entertainment
Senator debates key policy reform this week,Politics
Financial group stock hits all-time high after merger,Business
Squad wins championship with last-second goal,Sports
"Pop star releases surprise album, fans go wild",Entertainment
